{
  "name": "Linear Gauge",
  "options": {
    "selector": {
      "name": "Data Selector",
      "type": "string"
    },
    "min": {
      "name": "Min Value",
      "type": "number",
      "default": 0
    },
    "max": {
      "name": "Max Value",
      "type": "number",
      "default": 100
    },
    "orientation": {
      "name": "Orientation",
      "type": "enum",
      "default": "up",
      "values": [
        {
          "name": "Left",
          "id": "left"
        },
        {
          "name": "Up",
          "id": "up"
        },
        {
          "name": "Right",
          "id": "right"
        },
        {
          "name": "Down",
          "id": "down"
        }
      ]
    }
  } 
}