{
	"name": "Limits",
	"options": 
	{
		"VerticalData": 
		{
		"name": "Vertical data",
		"type": "string"
		},
		"Vertical min": 
		{
		"name": "Vertical min",
		"type": "number"
		},
		"Vertical max": 
		{
		"name": "Vertical max",
		"type": "number"
		},
		"Horizontal data": 
		{
		"name": "Horizontal data",
		"type": "string"
		},
		"Horizontal min": 
		{
		"name": "Horizontal min",
		"type": "number"
		},
		"Horizontal max": 
		{
		"name": "Horizontal max",
		"type": "number"
		},
		"Demo": 
		{
		"name": "Demo",
		"type": "string"
		},
		"Color": 
		{
		"name": "Color",
		"type": "string"
		}
	} 
}