{
  "name": "GangwayIndicator",
  "options": {
    "IndexOfIndicator": {
      "name": "Index of indicator",
      "type": "number"
    },
    "StepNumber": {
      "name": "Step number",
      "type": "string"
    },
    "NameOfIndicator": {
      "name": "Name of indicator",
      "type": "string"
    },
    "ArrowValue": {
      "name": "Arrow value",
      "type": "string"
    },
    "ArrowMinValue": {
      "name": "Arrow min value",
      "type": "string"
    },
    "ArrowMaxValue": {
      "name": "Arrow max value",
      "type": "string"
    }
  }
}
