{"descriptor_set":
[
    {"path":"\"Rinicom\"","name":"\"Rinicom\"","type":"Data block","addr":[0,0],"type_id":-3,"size":1648,"pad":0},

    {"path":"\"Rinicom\".Xpos","name":"Xpos","type":"Float","addr":[0,0],"type_id":13,"size":32,"pad":0},
    {"path":"\"Rinicom\".Ypos","name":"Ypos","type":"Float","addr":[4,0],"type_id":13,"size":32,"pad":0},
    {"path":"\"Rinicom\".Zpos","name":"Zpos","type":"Float","addr":[8,0],"type_id":13,"size":32,"pad":0},

    {"path":"\"Rinicom\".Joystick","name":"Joystick","type":"User Defined Type","addr":[12,0],"type_id":-1,"size":128,"pad":0},
        {"path":"\"Rinicom\".Joystick.SetScene","name":"SetScene","type":"Int","addr":[12,0],"type_id":6,"size":2,"pad":0},
        {"path":"\"Rinicom\".Joystick.PosX","name":"PosX","type":"Real","addr":[14,0],"type_id":13,"size":4,"pad":0},
        {"path":"\"Rinicom\".Joystick.PosY","name":"PosY","type":"Real","addr":[18,0],"type_id":13,"size":4,"pad":0},
        {"path":"\"Rinicom\".Joystick.PosZ","name":"PosZ","type":"Real","addr":[22,0],"type_id":13,"size":4,"pad":0},
        {"path":"\"Rinicom\".Joystick.HasPos","name":"HasPos","type":"Bool","addr":[26,0],"type_id":0,"size":1,"pad":0},
        {"path":"\"Rinicom\".Joystick.NextScene","name":"NextScene","type":"Bool","addr":[26,1],"type_id":0,"size":1,"pad":1},
        {"path":"\"Rinicom\".Joystick.PrevScene","name":"PrevScene","type":"Bool","addr":[26,2],"type_id":0,"size":1,"pad":0},
        {"path":"\"Rinicom\".Joystick.NextPanel","name":"NextPanel","type":"Bool","addr":[26,3],"type_id":0,"size":1,"pad":0},
        {"path":"\"Rinicom\".Joystick.PrevPanel","name":"PrevPanel","type":"Bool","addr":[26,4],"type_id":0,"size":1,"pad":0},
        {"path":"\"Rinicom\".Joystick.PrimarySource","name":"PrimarySource","type":"Bool","addr":[26,5],"type_id":0,"size":1,"pad":0},
        {"path":"\"Rinicom\".Joystick.NextFallbackSource","name":"NextFallbackSource","type":"Bool","addr":[26,6],"type_id":0,"size":1,"pad":0},

    
    {"path":"\"Rinicom\".A1","name":"A1","type":"Int","addr":[28,0],"type_id":6,"size":16,"pad":0},
    {"path":"\"Rinicom\".Time","name":"Time","type":"Int","addr":[30,0],"type_id":6,"size":16,"pad":0},
    {"path":"\"Rinicom\".Color","name":"Color","type":"Int","addr":[32,0],"type_id":6,"size":16,"pad":0},
    {"path":"\"Rinicom\".Demo","name":"Demo","type":"Bool","addr":[34,0],"type_id":0,"size":1,"pad":0},

    {"path":"\"Rinicom\".Leaderboard","name":"Leaderboard","type":"User Defined Type","addr":[36,0],"type_id":-2,"size":1360,"pad":0},

        {"path": "\"Rinicom\".Leaderboard.LBName10", "name": "LBName10", "type": "Char", "addr": [36, 0], "type_id": 18, "size": 8, "pad": 0},
        {"path": "\"Rinicom\".Leaderboard.LBName11", "name": "LBName11", "type": "Char", "addr": [37, 0], "type_id": 18, "size": 8, "pad": 0},
        {"path": "\"Rinicom\".Leaderboard.LBName12", "name": "LBName12", "type": "Char", "addr": [38, 0], "type_id": 18, "size": 8, "pad": 0},
        {"path": "\"Rinicom\".Leaderboard.LBName13", "name": "LBName13", "type": "Char", "addr": [39, 0], "type_id": 18, "size": 8, "pad": 0},
        {"path": "\"Rinicom\".Leaderboard.LBName14", "name": "LBName14", "type": "Char", "addr": [40, 0], "type_id": 18, "size": 8, "pad": 0},
        {"path": "\"Rinicom\".Leaderboard.LBName15", "name": "LBName15", "type": "Char", "addr": [41, 0], "type_id": 18, "size": 8, "pad": 0},
        {"path": "\"Rinicom\".Leaderboard.LBName16", "name": "LBName16", "type": "Char", "addr": [42, 0], "type_id": 18, "size": 8, "pad": 0},
        {"path": "\"Rinicom\".Leaderboard.LBName17", "name": "LBName17", "type": "Char", "addr": [43, 0], "type_id": 18, "size": 8, "pad": 0},
        {"path": "\"Rinicom\".Leaderboard.LBName18", "name": "LBName18", "type": "Char", "addr": [44, 0], "type_id": 18, "size": 8, "pad": 0},
        {"path": "\"Rinicom\".Leaderboard.LBName19", "name": "LBName19", "type": "Char", "addr": [45, 0], "type_id": 18, "size": 8, "pad": 0},
        {"path": "\"Rinicom\".Leaderboard.LBName110", "name": "LBName110", "type": "Char", "addr": [46, 0], "type_id": 18, "size": 8, "pad": 0},
        {"path": "\"Rinicom\".Leaderboard.LBName111", "name": "LBName111", "type": "Char", "addr": [47, 0], "type_id": 18, "size": 8, "pad": 0},
        {"path": "\"Rinicom\".Leaderboard.LBName112", "name": "LBName112", "type": "Char", "addr": [48, 0], "type_id": 18, "size": 8, "pad": 0},
        {"path": "\"Rinicom\".Leaderboard.LBName113", "name": "LBName113", "type": "Char", "addr": [49, 0], "type_id": 18, "size": 8, "pad": 0},
        {"path": "\"Rinicom\".Leaderboard.LBName114", "name": "LBName114", "type": "Char", "addr": [50, 0], "type_id": 18, "size": 8, "pad": 0},
        {"path": "\"Rinicom\".Leaderboard.LBName115", "name": "LBName115", "type": "Char", "addr": [51, 0], "type_id": 18, "size": 8, "pad": 0},
        {"path": "\"Rinicom\".Leaderboard.LBName116", "name": "LBName116", "type": "Char", "addr": [52, 0], "type_id": 18, "size": 8, "pad": 0},
        {"path": "\"Rinicom\".Leaderboard.LBName117", "name": "LBName117", "type": "Char", "addr": [53, 0], "type_id": 18, "size": 8, "pad": 0},
        {"path": "\"Rinicom\".Leaderboard.LBName118", "name": "LBName118", "type": "Char", "addr": [54, 0], "type_id": 18, "size": 8, "pad": 0},
        {"path": "\"Rinicom\".Leaderboard.LBName119", "name": "LBName119", "type": "Char", "addr": [55, 0], "type_id": 18, "size": 8, "pad": 0},
        {"path": "\"Rinicom\".Leaderboard.LBName120", "name": "LBName120", "type": "Char", "addr": [56, 0], "type_id": 18, "size": 8, "pad": 0},
        {"path": "\"Rinicom\".Leaderboard.LBName121", "name": "LBName121", "type": "Char", "addr": [57, 0], "type_id": 18, "size": 8, "pad": 0},
        {"path": "\"Rinicom\".Leaderboard.LBName122", "name": "LBName122", "type": "Char", "addr": [58, 0], "type_id": 18, "size": 8, "pad": 0},
        {"path": "\"Rinicom\".Leaderboard.LBName123", "name": "LBName123", "type": "Char", "addr": [59, 0], "type_id": 18, "size": 8, "pad": 0},
        {"path": "\"Rinicom\".Leaderboard.LBName124", "name": "LBName124", "type": "Char", "addr": [60, 0], "type_id": 18, "size": 8, "pad": 0},
        {"path": "\"Rinicom\".Leaderboard.LBName125", "name": "LBName125", "type": "Char", "addr": [61, 0], "type_id": 18, "size": 8, "pad": 0},
        {"path": "\"Rinicom\".Leaderboard.LBName126", "name": "LBName126", "type": "Char", "addr": [62, 0], "type_id": 18, "size": 8, "pad": 0},
        {"path": "\"Rinicom\".Leaderboard.LBName127", "name": "LBName127", "type": "Char", "addr": [63, 0], "type_id": 18, "size": 8, "pad": 0},
        {"path": "\"Rinicom\".Leaderboard.LBName128", "name": "LBName128", "type": "Char", "addr": [64, 0], "type_id": 18, "size": 8, "pad": 0},
        {"path": "\"Rinicom\".Leaderboard.LBName129", "name": "LBName129", "type": "Char", "addr": [65, 0], "type_id": 18, "size": 8, "pad": 0},
        {"path": "\"Rinicom\".Leaderboard.LBName130", "name": "LBName130", "type": "Char", "addr": [66, 0], "type_id": 18, "size": 8, "pad": 0},
        {"path": "\"Rinicom\".Leaderboard.LBName131", "name": "LBName131", "type": "Char", "addr": [67, 0], "type_id": 18, "size": 8, "pad": 0},
            {"path": "\"Rinicom\".Leaderboard.LBTime1", "name": "LBTime1", "type": "Int", "addr": [68, 0], "type_id": 6, "size": 16, "pad": 0},

        {"path": "\"Rinicom\".Leaderboard.LBName20", "name": "LBName20", "type": "Char", "addr": [70, 0], "type_id": 18, "size": 8, "pad": 0},
        {"path": "\"Rinicom\".Leaderboard.LBName21", "name": "LBName21", "type": "Char", "addr": [71, 0], "type_id": 18, "size": 8, "pad": 0},
        {"path": "\"Rinicom\".Leaderboard.LBName22", "name": "LBName22", "type": "Char", "addr": [72, 0], "type_id": 18, "size": 8, "pad": 0},
        {"path": "\"Rinicom\".Leaderboard.LBName23", "name": "LBName23", "type": "Char", "addr": [73, 0], "type_id": 18, "size": 8, "pad": 0},
        {"path": "\"Rinicom\".Leaderboard.LBName24", "name": "LBName24", "type": "Char", "addr": [74, 0], "type_id": 18, "size": 8, "pad": 0},
        {"path": "\"Rinicom\".Leaderboard.LBName25", "name": "LBName25", "type": "Char", "addr": [75, 0], "type_id": 18, "size": 8, "pad": 0},
        {"path": "\"Rinicom\".Leaderboard.LBName26", "name": "LBName26", "type": "Char", "addr": [76, 0], "type_id": 18, "size": 8, "pad": 0},
        {"path": "\"Rinicom\".Leaderboard.LBName27", "name": "LBName27", "type": "Char", "addr": [77, 0], "type_id": 18, "size": 8, "pad": 0},
        {"path": "\"Rinicom\".Leaderboard.LBName28", "name": "LBName28", "type": "Char", "addr": [78, 0], "type_id": 18, "size": 8, "pad": 0},
        {"path": "\"Rinicom\".Leaderboard.LBName29", "name": "LBName29", "type": "Char", "addr": [79, 0], "type_id": 18, "size": 8, "pad": 0},
        {"path": "\"Rinicom\".Leaderboard.LBName210", "name": "LBName210", "type": "Char", "addr": [80, 0], "type_id": 18, "size": 8, "pad": 0},
        {"path": "\"Rinicom\".Leaderboard.LBName211", "name": "LBName211", "type": "Char", "addr": [81, 0], "type_id": 18, "size": 8, "pad": 0},
        {"path": "\"Rinicom\".Leaderboard.LBName212", "name": "LBName212", "type": "Char", "addr": [82, 0], "type_id": 18, "size": 8, "pad": 0},
        {"path": "\"Rinicom\".Leaderboard.LBName213", "name": "LBName213", "type": "Char", "addr": [83, 0], "type_id": 18, "size": 8, "pad": 0},
        {"path": "\"Rinicom\".Leaderboard.LBName214", "name": "LBName214", "type": "Char", "addr": [84, 0], "type_id": 18, "size": 8, "pad": 0},
        {"path": "\"Rinicom\".Leaderboard.LBName215", "name": "LBName215", "type": "Char", "addr": [85, 0], "type_id": 18, "size": 8, "pad": 0},
        {"path": "\"Rinicom\".Leaderboard.LBName216", "name": "LBName216", "type": "Char", "addr": [86, 0], "type_id": 18, "size": 8, "pad": 0},
        {"path": "\"Rinicom\".Leaderboard.LBName217", "name": "LBName217", "type": "Char", "addr": [87, 0], "type_id": 18, "size": 8, "pad": 0},
        {"path": "\"Rinicom\".Leaderboard.LBName218", "name": "LBName218", "type": "Char", "addr": [88, 0], "type_id": 18, "size": 8, "pad": 0},
        {"path": "\"Rinicom\".Leaderboard.LBName219", "name": "LBName219", "type": "Char", "addr": [89, 0], "type_id": 18, "size": 8, "pad": 0},
        {"path": "\"Rinicom\".Leaderboard.LBName220", "name": "LBName220", "type": "Char", "addr": [90, 0], "type_id": 18, "size": 8, "pad": 0},
        {"path": "\"Rinicom\".Leaderboard.LBName221", "name": "LBName221", "type": "Char", "addr": [91, 0], "type_id": 18, "size": 8, "pad": 0},
        {"path": "\"Rinicom\".Leaderboard.LBName222", "name": "LBName222", "type": "Char", "addr": [92, 0], "type_id": 18, "size": 8, "pad": 0},
        {"path": "\"Rinicom\".Leaderboard.LBName223", "name": "LBName223", "type": "Char", "addr": [93, 0], "type_id": 18, "size": 8, "pad": 0},
        {"path": "\"Rinicom\".Leaderboard.LBName224", "name": "LBName224", "type": "Char", "addr": [94, 0], "type_id": 18, "size": 8, "pad": 0},
        {"path": "\"Rinicom\".Leaderboard.LBName225", "name": "LBName225", "type": "Char", "addr": [95, 0], "type_id": 18, "size": 8, "pad": 0},
        {"path": "\"Rinicom\".Leaderboard.LBName226", "name": "LBName226", "type": "Char", "addr": [96, 0], "type_id": 18, "size": 8, "pad": 0},
        {"path": "\"Rinicom\".Leaderboard.LBName227", "name": "LBName227", "type": "Char", "addr": [97, 0], "type_id": 18, "size": 8, "pad": 0},
        {"path": "\"Rinicom\".Leaderboard.LBName228", "name": "LBName228", "type": "Char", "addr": [98, 0], "type_id": 18, "size": 8, "pad": 0},
        {"path": "\"Rinicom\".Leaderboard.LBName229", "name": "LBName229", "type": "Char", "addr": [99, 0], "type_id": 18, "size": 8, "pad": 0},
        {"path": "\"Rinicom\".Leaderboard.LBName230", "name": "LBName230", "type": "Char", "addr": [100, 0], "type_id": 18, "size": 8, "pad": 0},
        {"path": "\"Rinicom\".Leaderboard.LBName231", "name": "LBName231", "type": "Char", "addr": [101, 0], "type_id": 18, "size": 8, "pad": 0},
            {"path": "\"Rinicom\".Leaderboard.LBTime2", "name": "LBTime2", "type": "Int", "addr": [102, 0], "type_id": 6, "size": 16, "pad": 0},

        {"path": "\"Rinicom\".Leaderboard.LBName30", "name": "LBName30", "type": "Char", "addr": [104, 0], "type_id": 18, "size": 8, "pad": 0},
        {"path": "\"Rinicom\".Leaderboard.LBName31", "name": "LBName31", "type": "Char", "addr": [105, 0], "type_id": 18, "size": 8, "pad": 0},
        {"path": "\"Rinicom\".Leaderboard.LBName32", "name": "LBName32", "type": "Char", "addr": [106, 0], "type_id": 18, "size": 8, "pad": 0},
        {"path": "\"Rinicom\".Leaderboard.LBName33", "name": "LBName33", "type": "Char", "addr": [107, 0], "type_id": 18, "size": 8, "pad": 0},
        {"path": "\"Rinicom\".Leaderboard.LBName34", "name": "LBName34", "type": "Char", "addr": [108, 0], "type_id": 18, "size": 8, "pad": 0},
        {"path": "\"Rinicom\".Leaderboard.LBName35", "name": "LBName35", "type": "Char", "addr": [109, 0], "type_id": 18, "size": 8, "pad": 0},
        {"path": "\"Rinicom\".Leaderboard.LBName36", "name": "LBName36", "type": "Char", "addr": [110, 0], "type_id": 18, "size": 8, "pad": 0},
        {"path": "\"Rinicom\".Leaderboard.LBName37", "name": "LBName37", "type": "Char", "addr": [111, 0], "type_id": 18, "size": 8, "pad": 0},
        {"path": "\"Rinicom\".Leaderboard.LBName38", "name": "LBName38", "type": "Char", "addr": [112, 0], "type_id": 18, "size": 8, "pad": 0},
        {"path": "\"Rinicom\".Leaderboard.LBName39", "name": "LBName39", "type": "Char", "addr": [113, 0], "type_id": 18, "size": 8, "pad": 0},
        {"path": "\"Rinicom\".Leaderboard.LBName310", "name": "LBName310", "type": "Char", "addr": [114, 0], "type_id": 18, "size": 8, "pad": 0},
        {"path": "\"Rinicom\".Leaderboard.LBName311", "name": "LBName311", "type": "Char", "addr": [115, 0], "type_id": 18, "size": 8, "pad": 0},
        {"path": "\"Rinicom\".Leaderboard.LBName312", "name": "LBName312", "type": "Char", "addr": [116, 0], "type_id": 18, "size": 8, "pad": 0},
        {"path": "\"Rinicom\".Leaderboard.LBName313", "name": "LBName313", "type": "Char", "addr": [117, 0], "type_id": 18, "size": 8, "pad": 0},
        {"path": "\"Rinicom\".Leaderboard.LBName314", "name": "LBName314", "type": "Char", "addr": [118, 0], "type_id": 18, "size": 8, "pad": 0},
        {"path": "\"Rinicom\".Leaderboard.LBName315", "name": "LBName315", "type": "Char", "addr": [119, 0], "type_id": 18, "size": 8, "pad": 0},
        {"path": "\"Rinicom\".Leaderboard.LBName316", "name": "LBName316", "type": "Char", "addr": [120, 0], "type_id": 18, "size": 8, "pad": 0},
        {"path": "\"Rinicom\".Leaderboard.LBName317", "name": "LBName317", "type": "Char", "addr": [121, 0], "type_id": 18, "size": 8, "pad": 0},
        {"path": "\"Rinicom\".Leaderboard.LBName318", "name": "LBName318", "type": "Char", "addr": [122, 0], "type_id": 18, "size": 8, "pad": 0},
        {"path": "\"Rinicom\".Leaderboard.LBName319", "name": "LBName319", "type": "Char", "addr": [123, 0], "type_id": 18, "size": 8, "pad": 0},
        {"path": "\"Rinicom\".Leaderboard.LBName320", "name": "LBName320", "type": "Char", "addr": [124, 0], "type_id": 18, "size": 8, "pad": 0},
        {"path": "\"Rinicom\".Leaderboard.LBName321", "name": "LBName321", "type": "Char", "addr": [125, 0], "type_id": 18, "size": 8, "pad": 0},
        {"path": "\"Rinicom\".Leaderboard.LBName322", "name": "LBName322", "type": "Char", "addr": [126, 0], "type_id": 18, "size": 8, "pad": 0},
        {"path": "\"Rinicom\".Leaderboard.LBName323", "name": "LBName323", "type": "Char", "addr": [127, 0], "type_id": 18, "size": 8, "pad": 0},
        {"path": "\"Rinicom\".Leaderboard.LBName324", "name": "LBName324", "type": "Char", "addr": [128, 0], "type_id": 18, "size": 8, "pad": 0},
        {"path": "\"Rinicom\".Leaderboard.LBName325", "name": "LBName325", "type": "Char", "addr": [129, 0], "type_id": 18, "size": 8, "pad": 0},
        {"path": "\"Rinicom\".Leaderboard.LBName326", "name": "LBName326", "type": "Char", "addr": [130, 0], "type_id": 18, "size": 8, "pad": 0},
        {"path": "\"Rinicom\".Leaderboard.LBName327", "name": "LBName327", "type": "Char", "addr": [131, 0], "type_id": 18, "size": 8, "pad": 0},
        {"path": "\"Rinicom\".Leaderboard.LBName328", "name": "LBName328", "type": "Char", "addr": [132, 0], "type_id": 18, "size": 8, "pad": 0},
        {"path": "\"Rinicom\".Leaderboard.LBName329", "name": "LBName329", "type": "Char", "addr": [133, 0], "type_id": 18, "size": 8, "pad": 0},
        {"path": "\"Rinicom\".Leaderboard.LBName330", "name": "LBName330", "type": "Char", "addr": [134, 0], "type_id": 18, "size": 8, "pad": 0},
        {"path": "\"Rinicom\".Leaderboard.LBName331", "name": "LBName331", "type": "Char", "addr": [135, 0], "type_id": 18, "size": 8, "pad": 0},
            {"path": "\"Rinicom\".Leaderboard.LBTime3", "name": "LBTime3", "type": "Int", "addr": [136, 0], "type_id": 6, "size": 16, "pad": 0},

        {"path": "\"Rinicom\".Leaderboard.LBName40", "name": "LBName40", "type": "Char", "addr": [138, 0], "type_id": 18, "size": 8, "pad": 0},
        {"path": "\"Rinicom\".Leaderboard.LBName41", "name": "LBName41", "type": "Char", "addr": [139, 0], "type_id": 18, "size": 8, "pad": 0},
        {"path": "\"Rinicom\".Leaderboard.LBName42", "name": "LBName42", "type": "Char", "addr": [140, 0], "type_id": 18, "size": 8, "pad": 0},
        {"path": "\"Rinicom\".Leaderboard.LBName43", "name": "LBName43", "type": "Char", "addr": [141, 0], "type_id": 18, "size": 8, "pad": 0},
        {"path": "\"Rinicom\".Leaderboard.LBName44", "name": "LBName44", "type": "Char", "addr": [142, 0], "type_id": 18, "size": 8, "pad": 0},
        {"path": "\"Rinicom\".Leaderboard.LBName45", "name": "LBName45", "type": "Char", "addr": [143, 0], "type_id": 18, "size": 8, "pad": 0},
        {"path": "\"Rinicom\".Leaderboard.LBName46", "name": "LBName46", "type": "Char", "addr": [144, 0], "type_id": 18, "size": 8, "pad": 0},
        {"path": "\"Rinicom\".Leaderboard.LBName47", "name": "LBName47", "type": "Char", "addr": [145, 0], "type_id": 18, "size": 8, "pad": 0},
        {"path": "\"Rinicom\".Leaderboard.LBName48", "name": "LBName48", "type": "Char", "addr": [146, 0], "type_id": 18, "size": 8, "pad": 0},
        {"path": "\"Rinicom\".Leaderboard.LBName49", "name": "LBName49", "type": "Char", "addr": [147, 0], "type_id": 18, "size": 8, "pad": 0},
        {"path": "\"Rinicom\".Leaderboard.LBName410", "name": "LBName410", "type": "Char", "addr": [148, 0], "type_id": 18, "size": 8, "pad": 0},
        {"path": "\"Rinicom\".Leaderboard.LBName411", "name": "LBName411", "type": "Char", "addr": [149, 0], "type_id": 18, "size": 8, "pad": 0},
        {"path": "\"Rinicom\".Leaderboard.LBName412", "name": "LBName412", "type": "Char", "addr": [150, 0], "type_id": 18, "size": 8, "pad": 0},
        {"path": "\"Rinicom\".Leaderboard.LBName413", "name": "LBName413", "type": "Char", "addr": [151, 0], "type_id": 18, "size": 8, "pad": 0},
        {"path": "\"Rinicom\".Leaderboard.LBName414", "name": "LBName414", "type": "Char", "addr": [152, 0], "type_id": 18, "size": 8, "pad": 0},
        {"path": "\"Rinicom\".Leaderboard.LBName415", "name": "LBName415", "type": "Char", "addr": [153, 0], "type_id": 18, "size": 8, "pad": 0},
        {"path": "\"Rinicom\".Leaderboard.LBName416", "name": "LBName416", "type": "Char", "addr": [154, 0], "type_id": 18, "size": 8, "pad": 0},
        {"path": "\"Rinicom\".Leaderboard.LBName417", "name": "LBName417", "type": "Char", "addr": [155, 0], "type_id": 18, "size": 8, "pad": 0},
        {"path": "\"Rinicom\".Leaderboard.LBName418", "name": "LBName418", "type": "Char", "addr": [156, 0], "type_id": 18, "size": 8, "pad": 0},
        {"path": "\"Rinicom\".Leaderboard.LBName419", "name": "LBName419", "type": "Char", "addr": [157, 0], "type_id": 18, "size": 8, "pad": 0},
        {"path": "\"Rinicom\".Leaderboard.LBName420", "name": "LBName420", "type": "Char", "addr": [158, 0], "type_id": 18, "size": 8, "pad": 0},
        {"path": "\"Rinicom\".Leaderboard.LBName421", "name": "LBName421", "type": "Char", "addr": [159, 0], "type_id": 18, "size": 8, "pad": 0},
        {"path": "\"Rinicom\".Leaderboard.LBName422", "name": "LBName422", "type": "Char", "addr": [160, 0], "type_id": 18, "size": 8, "pad": 0},
        {"path": "\"Rinicom\".Leaderboard.LBName423", "name": "LBName423", "type": "Char", "addr": [161, 0], "type_id": 18, "size": 8, "pad": 0},
        {"path": "\"Rinicom\".Leaderboard.LBName424", "name": "LBName424", "type": "Char", "addr": [162, 0], "type_id": 18, "size": 8, "pad": 0},
        {"path": "\"Rinicom\".Leaderboard.LBName425", "name": "LBName425", "type": "Char", "addr": [163, 0], "type_id": 18, "size": 8, "pad": 0},
        {"path": "\"Rinicom\".Leaderboard.LBName426", "name": "LBName426", "type": "Char", "addr": [164, 0], "type_id": 18, "size": 8, "pad": 0},
        {"path": "\"Rinicom\".Leaderboard.LBName427", "name": "LBName427", "type": "Char", "addr": [165, 0], "type_id": 18, "size": 8, "pad": 0},
        {"path": "\"Rinicom\".Leaderboard.LBName428", "name": "LBName428", "type": "Char", "addr": [166, 0], "type_id": 18, "size": 8, "pad": 0},
        {"path": "\"Rinicom\".Leaderboard.LBName429", "name": "LBName429", "type": "Char", "addr": [167, 0], "type_id": 18, "size": 8, "pad": 0},
        {"path": "\"Rinicom\".Leaderboard.LBName430", "name": "LBName430", "type": "Char", "addr": [168, 0], "type_id": 18, "size": 8, "pad": 0},
        {"path": "\"Rinicom\".Leaderboard.LBName431", "name": "LBName431", "type": "Char", "addr": [169, 0], "type_id": 18, "size": 8, "pad": 0},
            {"path": "\"Rinicom\".Leaderboard.LBTime4", "name": "LBTime4", "type": "Int", "addr": [170, 0], "type_id": 6, "size": 16, "pad": 0},

        {"path": "\"Rinicom\".Leaderboard.LBName50", "name": "LBName50", "type": "Char", "addr": [172, 0], "type_id": 18, "size": 8, "pad": 0},
        {"path": "\"Rinicom\".Leaderboard.LBName51", "name": "LBName51", "type": "Char", "addr": [173, 0], "type_id": 18, "size": 8, "pad": 0},
        {"path": "\"Rinicom\".Leaderboard.LBName52", "name": "LBName52", "type": "Char", "addr": [174, 0], "type_id": 18, "size": 8, "pad": 0},
        {"path": "\"Rinicom\".Leaderboard.LBName53", "name": "LBName53", "type": "Char", "addr": [175, 0], "type_id": 18, "size": 8, "pad": 0},
        {"path": "\"Rinicom\".Leaderboard.LBName54", "name": "LBName54", "type": "Char", "addr": [176, 0], "type_id": 18, "size": 8, "pad": 0},
        {"path": "\"Rinicom\".Leaderboard.LBName55", "name": "LBName55", "type": "Char", "addr": [177, 0], "type_id": 18, "size": 8, "pad": 0},
        {"path": "\"Rinicom\".Leaderboard.LBName56", "name": "LBName56", "type": "Char", "addr": [178, 0], "type_id": 18, "size": 8, "pad": 0},
        {"path": "\"Rinicom\".Leaderboard.LBName57", "name": "LBName57", "type": "Char", "addr": [179, 0], "type_id": 18, "size": 8, "pad": 0},
        {"path": "\"Rinicom\".Leaderboard.LBName58", "name": "LBName58", "type": "Char", "addr": [180, 0], "type_id": 18, "size": 8, "pad": 0},
        {"path": "\"Rinicom\".Leaderboard.LBName59", "name": "LBName59", "type": "Char", "addr": [181, 0], "type_id": 18, "size": 8, "pad": 0},
        {"path": "\"Rinicom\".Leaderboard.LBName510", "name": "LBName510", "type": "Char", "addr": [182, 0], "type_id": 18, "size": 8, "pad": 0},
        {"path": "\"Rinicom\".Leaderboard.LBName511", "name": "LBName511", "type": "Char", "addr": [183, 0], "type_id": 18, "size": 8, "pad": 0},
        {"path": "\"Rinicom\".Leaderboard.LBName512", "name": "LBName512", "type": "Char", "addr": [184, 0], "type_id": 18, "size": 8, "pad": 0},
        {"path": "\"Rinicom\".Leaderboard.LBName513", "name": "LBName513", "type": "Char", "addr": [185, 0], "type_id": 18, "size": 8, "pad": 0},
        {"path": "\"Rinicom\".Leaderboard.LBName514", "name": "LBName514", "type": "Char", "addr": [186, 0], "type_id": 18, "size": 8, "pad": 0},
        {"path": "\"Rinicom\".Leaderboard.LBName515", "name": "LBName515", "type": "Char", "addr": [187, 0], "type_id": 18, "size": 8, "pad": 0},
        {"path": "\"Rinicom\".Leaderboard.LBName516", "name": "LBName516", "type": "Char", "addr": [188, 0], "type_id": 18, "size": 8, "pad": 0},
        {"path": "\"Rinicom\".Leaderboard.LBName517", "name": "LBName517", "type": "Char", "addr": [189, 0], "type_id": 18, "size": 8, "pad": 0},
        {"path": "\"Rinicom\".Leaderboard.LBName518", "name": "LBName518", "type": "Char", "addr": [190, 0], "type_id": 18, "size": 8, "pad": 0},
        {"path": "\"Rinicom\".Leaderboard.LBName519", "name": "LBName519", "type": "Char", "addr": [191, 0], "type_id": 18, "size": 8, "pad": 0},
        {"path": "\"Rinicom\".Leaderboard.LBName520", "name": "LBName520", "type": "Char", "addr": [192, 0], "type_id": 18, "size": 8, "pad": 0},
        {"path": "\"Rinicom\".Leaderboard.LBName521", "name": "LBName521", "type": "Char", "addr": [193, 0], "type_id": 18, "size": 8, "pad": 0},
        {"path": "\"Rinicom\".Leaderboard.LBName522", "name": "LBName522", "type": "Char", "addr": [194, 0], "type_id": 18, "size": 8, "pad": 0},
        {"path": "\"Rinicom\".Leaderboard.LBName523", "name": "LBName523", "type": "Char", "addr": [195, 0], "type_id": 18, "size": 8, "pad": 0},
        {"path": "\"Rinicom\".Leaderboard.LBName524", "name": "LBName524", "type": "Char", "addr": [196, 0], "type_id": 18, "size": 8, "pad": 0},
        {"path": "\"Rinicom\".Leaderboard.LBName525", "name": "LBName525", "type": "Char", "addr": [197, 0], "type_id": 18, "size": 8, "pad": 0},
        {"path": "\"Rinicom\".Leaderboard.LBName526", "name": "LBName526", "type": "Char", "addr": [198, 0], "type_id": 18, "size": 8, "pad": 0},
        {"path": "\"Rinicom\".Leaderboard.LBName527", "name": "LBName527", "type": "Char", "addr": [199, 0], "type_id": 18, "size": 8, "pad": 0},
        {"path": "\"Rinicom\".Leaderboard.LBName528", "name": "LBName528", "type": "Char", "addr": [200, 0], "type_id": 18, "size": 8, "pad": 0},
        {"path": "\"Rinicom\".Leaderboard.LBName529", "name": "LBName529", "type": "Char", "addr": [201, 0], "type_id": 18, "size": 8, "pad": 0},
        {"path": "\"Rinicom\".Leaderboard.LBName530", "name": "LBName530", "type": "Char", "addr": [202, 0], "type_id": 18, "size": 8, "pad": 0},
        {"path": "\"Rinicom\".Leaderboard.LBName531", "name": "LBName531", "type": "Char", "addr": [203, 0], "type_id": 18, "size": 8, "pad": 0},
            {"path": "\"Rinicom\".Leaderboard.LBTime5", "name": "LBTime5", "type": "Int", "addr": [204, 0], "type_id": 6, "size": 16, "pad": 0}
        
]
}