{
    "name": "Circular GaugeBest",
    "options": {
        "Selector": {
            "name": "Data Selector",
            "type": "String"
        },
        "Min": {
            "name": "Min Value",
            "type": "number",
            "default": 0
        },
        "Max": {
            "name": "Max Value",
            "type": "number",
            "default": 100
        },

        "orientation": {
            "name": "Orientation",
            "type": "enum",
            "default": "Up",
            "Values": [
                {
                    "name": "Left",
                    "id": "left"
                },
                {
                    "name": "Up",
                    "id": "up"
                },
                {
                    "name": "Richt",
                    "id": "richt"
                },
                {
                    "name": "Down",
                    "id": "down"
                }
            ]
        }
    }
}