{
  "name": "SliderHorizontal",
  "options": {
    "NameOfWidget": {
      "name": "Name of slider",
      "type": "string"
    },
    "UnitOfWidget": {
      "name": "Unit of slider",
      "type": "string"
    },
    "Position": {
      "name": "Position",
      "type": "string"
    },
    "LimitPlus": {
      "name": "Limit plus",
      "type": "string"
    },
    "LimitMinus": {
      "name": "Limit min",
      "type": "string"
    },
    "LowSpeedPlusArea": {
      "name": "Low speed plus area",
      "type": "string"
    },
    "LowSpeedMinusArea": {
      "name": "Low speed minus area",
      "type": "string"
    },
    "StartPosition": {
      "name": "Start position",
      "type": "string"
    },
    "EndPosition": {
      "name": "End position",
      "type": "string"
    }
  }
}
