{
  "name": "Crane3DCompensation",
  "options": {
    "PositionLuffing": {
      "name": "Postion luffing",
      "type": "string"
    },
    "LowerLimitLuffing": {
      "name": "Lower limit luffing",
      "type": "string"
    },
    "UpperLimitLuffing": {
      "name": "Upper limit luffing",
      "type": "string"
    },
    "PositionFolding": {
      "name": "Postion folding",
      "type": "string"
    },
    "LowerLimitFolding": {
      "name": "Lower limit folding",
      "type": "string"
    },
    "UpperLimitFolding": {
      "name": "Upper limit folding",
      "type": "string"
    }
  }
}
