{
	"name": "SlewingLimit",
	"options": 
	{
		"Data selector": 
		{
		"name": "Data selector",
		"type": "string"
		},
		"Color": 
		{
		"name": "Color",
		"type": "string"
		},
		"Angle": 
		{
		"name": "Angle(0 - 180)",
		"type": "number"
		},
		"orientation": {
            "name": "Orientation",
            "type": "enum",
            "default": "up",
            "values": [
              {
                "name": "Up",
                "id": "up"
              },
              {
                "name": "Down",
                "id": "down"
              }
            ]
          },
        "Demo": 
		{
		"name": "Demo",
		"type": "string"
		}
    }
}